-- Будущий ИТП
INSERT INTO CWСОТРУДНИК
(НОМЕР_ДОГОВОРА, ИМЯ_СОТРУДНИКА, ФАМИЛИЯ_СОТРУДНИКА, ОТЧЕСТВО_СОТРУДНИКА, ТИП_СОТРУДНИКА, ДАТА_РОЖДЕНИЯ, КОД_СОТРУДНИКА, ДОЛЖНОСТЬ_СОТРУДНИКА)
VALUES ('АФ1', 'Олег', 'Олегов', 'Олегович', 'И', to_date('1954/08/14', 'yyyy/mm/dd'), 'ИИнженерАФ1', 'Инженер');

INSERT INTO CWСОТРУДНИК
(НОМЕР_ДОГОВОРА, ИМЯ_СОТРУДНИКА, ФАМИЛИЯ_СОТРУДНИКА, ОТЧЕСТВО_СОТРУДНИКА, ТИП_СОТРУДНИКА, ДАТА_РОЖДЕНИЯ, КОД_СОТРУДНИКА, ДОЛЖНОСТЬ_СОТРУДНИКА)
VALUES ('АЦ1', 'Артур', 'Артуров', 'Артурович', 'И', to_date('2014/06/14', 'yyyy/mm/dd'), 'ИТехникАЦ1', 'Техник');

INSERT INTO CWСОТРУДНИК
(НОМЕР_ДОГОВОРА, ИМЯ_СОТРУДНИКА, ФАМИЛИЯ_СОТРУДНИКА, ОТЧЕСТВО_СОТРУДНИКА, ТИП_СОТРУДНИКА, ДАТА_РОЖДЕНИЯ, КОД_СОТРУДНИКА, ДОЛЖНОСТЬ_СОТРУДНИКА)
VALUES ('АНП1', 'Егор', 'Егоров', 'Егорович', 'И', to_date('1998/06/14', 'yyyy/mm/dd'), 'ИТехнологАНП1', 'Технолог');

INSERT INTO CWСОТРУДНИК
(НОМЕР_ДОГОВОРА, ИМЯ_СОТРУДНИКА, ФАМИЛИЯ_СОТРУДНИКА, ТИП_СОТРУДНИКА, ДАТА_РОЖДЕНИЯ, КОД_СОТРУДНИКА, ДОЛЖНОСТЬ_СОТРУДНИКА)
VALUES ('КК4УАР', 'Джон', 'Джонс', 'И', to_date('1988/06/14', 'yyyy/mm/dd'), 'ИТехнологКК4УАР', 'Технолог');

INSERT INTO CWСОТРУДНИК
(НОМЕР_ДОГОВОРА, ИМЯ_СОТРУДНИКА, ФАМИЛИЯ_СОТРУДНИКА, ТИП_СОТРУДНИКА, ДАТА_РОЖДЕНИЯ, КОД_СОТРУДНИКА, ДОЛЖНОСТЬ_СОТРУДНИКА)
VALUES ('КК5УАР', 'Боб', 'Браун', 'И', to_date('1972/06/14', 'yyyy/mm/dd'), 'ИТехнологКК5УАР', 'Технолог');

INSERT INTO CWСОТРУДНИК
(НОМЕР_ДОГОВОРА, ИМЯ_СОТРУДНИКА, ФАМИЛИЯ_СОТРУДНИКА, ТИП_СОТРУДНИКА, ДАТА_РОЖДЕНИЯ, КОД_СОТРУДНИКА, ДОЛЖНОСТЬ_СОТРУДНИКА)
VALUES ('КК6УАР', 'Дональд', 'Трамп', 'И', to_date('1946/06/14', 'yyyy/mm/dd'), 'ИТехнологКК6УАР', 'Технолог');

INSERT INTO CWСОТРУДНИК
(НОМЕР_ДОГОВОРА, ИМЯ_СОТРУДНИКА, ФАМИЛИЯ_СОТРУДНИКА, ТИП_СОТРУДНИКА, ДАТА_РОЖДЕНИЯ, КОД_СОТРУДНИКА, ДОЛЖНОСТЬ_СОТРУДНИКА)
VALUES ('ФЕ6УАР', 'Карл', 'Карлов', 'И', to_date('1946/06/14', 'yyyy/mm/dd'), 'ИТехникФЕ6УАР', 'Техник');

-- Будущие рабочие
INSERT INTO CWСОТРУДНИК
(НОМЕР_ДОГОВОРА, ИМЯ_СОТРУДНИКА, ФАМИЛИЯ_СОТРУДНИКА, ТИП_СОТРУДНИКА, ДАТА_РОЖДЕНИЯ, КОД_СОТРУДНИКА, ДОЛЖНОСТЬ_СОТРУДНИКА)
VALUES ('Е678ЕЕ', 'Тимо', 'Глок', 'Р', to_date('1974/08/14', 'yyyy/mm/dd'), 'РСборщикЕ678ЕЕ', 'Сборщик');

INSERT INTO CWСОТРУДНИК
(НОМЕР_ДОГОВОРА, ИМЯ_СОТРУДНИКА, ФАМИЛИЯ_СОТРУДНИКА, ОТЧЕСТВО_СОТРУДНИКА, ТИП_СОТРУДНИКА, ДАТА_РОЖДЕНИЯ, КОД_СОТРУДНИКА, ДОЛЖНОСТЬ_СОТРУДНИКА)
VALUES ('ХУХМ8', 'Юрий', 'Юрьев', 'Юрьевич', 'Р', to_date('1964/06/17', 'yyyy/mm/dd'), 'РТокарьХУХМ8', 'Токарь');

INSERT INTO CWСОТРУДНИК
(НОМЕР_ДОГОВОРА, ИМЯ_СОТРУДНИКА, ФАМИЛИЯ_СОТРУДНИКА, ОТЧЕСТВО_СОТРУДНИКА, ТИП_СОТРУДНИКА, ДАТА_РОЖДЕНИЯ, КОД_СОТРУДНИКА, ДОЛЖНОСТЬ_СОТРУДНИКА)
VALUES ('ХЯХМ8', 'Илья', 'Обломов', 'Ильич', 'Р', to_date('1904/06/17', 'yyyy/mm/dd'), 'РСлесарьХЯХМ8', 'Слесарь');

INSERT INTO CWСОТРУДНИК
(НОМЕР_ДОГОВОРА, ИМЯ_СОТРУДНИКА, ФАМИЛИЯ_СОТРУДНИКА, ОТЧЕСТВО_СОТРУДНИКА, ТИП_СОТРУДНИКА, ДАТА_РОЖДЕНИЯ, КОД_СОТРУДНИКА, ДОЛЖНОСТЬ_СОТРУДНИКА)
VALUES
  ('КЕК09', 'Анна', 'Каренина', 'Аркадьевна', 'Р', to_date('1964/06/17', 'yyyy/mm/dd'), 'РСварщикКЕК09', 'Сварщик');

INSERT INTO CWСОТРУДНИК
(НОМЕР_ДОГОВОРА, ИМЯ_СОТРУДНИКА, ФАМИЛИЯ_СОТРУДНИКА, ТИП_СОТРУДНИКА, ДАТА_РОЖДЕНИЯ, КОД_СОТРУДНИКА, ДОЛЖНОСТЬ_СОТРУДНИКА)
VALUES ('КЕК007', 'Джеймс', 'Бонд', 'Р', to_date('1964/06/17', 'yyyy/mm/dd'), 'РСварщикКЕК007', 'Сварщик');

INSERT INTO CWСОТРУДНИК
(НОМЕР_ДОГОВОРА, ИМЯ_СОТРУДНИКА, ФАМИЛИЯ_СОТРУДНИКА, ТИП_СОТРУДНИКА, ДАТА_РОЖДЕНИЯ, КОД_СОТРУДНИКА, ДОЛЖНОСТЬ_СОТРУДНИКА)
VALUES ('ЛХ44', 'Льюис', 'Хэмилтон', 'Р', to_date('1984/06/17', 'yyyy/mm/dd'), 'РСварщикЛХ44', 'Сварщик');

INSERT INTO CWСОТРУДНИК
(НОМЕР_ДОГОВОРА, ИМЯ_СОТРУДНИКА, ФАМИЛИЯ_СОТРУДНИКА, ТИП_СОТРУДНИКА, ДАТА_РОЖДЕНИЯ, КОД_СОТРУДНИКА, ДОЛЖНОСТЬ_СОТРУДНИКА)
VALUES ('НР6', 'Нико', 'Росберг', 'Р', to_date('1904/06/17', 'yyyy/mm/dd'), 'РСлесарьНР6', 'Слесарь');

-- ИТП
INSERT INTO CWИТП
(КОД_СОТРУДНИКА)
VALUES ('ИИнженерАФ1');

INSERT INTO CWИТП
(КОД_СОТРУДНИКА)
VALUES ('ИТехникАЦ1');

INSERT INTO CWИТП
(КОД_СОТРУДНИКА)
VALUES ('ИТехнологАНП1');

INSERT INTO CWИТП
(КОД_СОТРУДНИКА)
VALUES ('ИТехнологКК4УАР');

INSERT INTO CWИТП
(КОД_СОТРУДНИКА)
VALUES ('ИТехнологКК5УАР');

INSERT INTO CWИТП
(КОД_СОТРУДНИКА)
VALUES ('ИТехнологКК6УАР');

INSERT INTO CWИТП
(КОД_СОТРУДНИКА)
VALUES ('ИТехникФЕ6УАР');

-- Рабочие, без бригады
INSERT INTO CWРАБОЧИЙ
(НОМЕР_БРИГАДЫ, КОД_СОТРУДНИКА)
VALUES (NULL, 'РСборщикЕ678ЕЕ');

INSERT INTO CWРАБОЧИЙ
(НОМЕР_БРИГАДЫ, КОД_СОТРУДНИКА)
VALUES (NULL, 'РТокарьХУХМ8');

INSERT INTO CWРАБОЧИЙ
(НОМЕР_БРИГАДЫ, КОД_СОТРУДНИКА)
VALUES (NULL, 'РСлесарьХЯХМ8');

INSERT INTO CWРАБОЧИЙ
(НОМЕР_БРИГАДЫ, КОД_СОТРУДНИКА)
VALUES (NULL, 'РСварщикКЕК09');

INSERT INTO CWРАБОЧИЙ
(НОМЕР_БРИГАДЫ, КОД_СОТРУДНИКА)
VALUES (NULL, 'РСварщикКЕК007');

INSERT INTO CWРАБОЧИЙ
(НОМЕР_БРИГАДЫ, КОД_СОТРУДНИКА)
VALUES (NULL, 'РСварщикЛХ44');

INSERT INTO CWРАБОЧИЙ
(НОМЕР_БРИГАДЫ, КОД_СОТРУДНИКА)
VALUES (NULL, 'РСлесарьНР6');

-- Сборщик
INSERT INTO CWСБОРЩИК
(СПЕЦИАЛИЗАЦИЯ_СБОРЩИКА, КОД_СОТРУДНИКА)
VALUES ('подвеска', 'РСборщикЕ678ЕЕ');

-- Токарь
INSERT INTO CWТОКАРЬ
(РАЗРЯД_ТОКАРЯ, КОД_СОТРУДНИКА)
VALUES (6, 'РТокарьХУХМ8');

-- Слесарь
INSERT INTO CWСЛЕСАРЬ
(РАЗРЯД_СЛЕСАРЯ, КОД_СОТРУДНИКА)
VALUES (4, 'РСлесарьХЯХМ8');

INSERT INTO CWСЛЕСАРЬ
(РАЗРЯД_СЛЕСАРЯ, КОД_СОТРУДНИКА)
VALUES (5, 'РСлесарьНР6');

-- Сварщик
INSERT INTO CWСВАРЩИК
(СПЕЦИАЛИЗВАЦИЯ_СВАРЩИКА, КОД_СОТРУДНИКА)
VALUES ('подвеска', 'РСварщикКЕК09');

INSERT INTO CWСВАРЩИК
(СПЕЦИАЛИЗВАЦИЯ_СВАРЩИКА, КОД_СОТРУДНИКА)
VALUES ('рама', 'РСварщикКЕК007');

INSERT INTO CWСВАРЩИК
(СПЕЦИАЛИЗВАЦИЯ_СВАРЩИКА, КОД_СОТРУДНИКА)
VALUES ('рама', 'РСварщикЛХ44');

-- Инженеры
INSERT INTO CWИНЖЕНЕР
(СПЕЦИАЛИЗАЦИЯ_ИНЖЕНЕРА, КОД_СОТРУДНИКА)
VALUES ('прототипирование', 'ИИнженерАФ1');

-- Техники
INSERT INTO CWТЕХНИК
(СПЕЦИАЛИЗАЦИЯ_ТЕХНИКА, КОД_СОТРУДНИКА)
VALUES ('схемы', 'ИТехникАЦ1');

INSERT INTO CWТЕХНИК
(СПЕЦИАЛИЗАЦИЯ_ТЕХНИКА, КОД_СОТРУДНИКА)
VALUES ('чертежи', 'ИТехникФЕ6УАР');

-- Технологи
INSERT INTO CWТЕХНОЛОГ
(СПЕЦИАЛИЗАЦИЯ_ТЕХНОЛОГА, КОД_СОТРУДНИКА)
VALUES ('исследования', 'ИТехнологАНП1');

INSERT INTO CWТЕХНОЛОГ
(СПЕЦИАЛИЗАЦИЯ_ТЕХНОЛОГА, КОД_СОТРУДНИКА)
VALUES ('практика', 'ИТехнологКК4УАР');

INSERT INTO CWТЕХНОЛОГ
(СПЕЦИАЛИЗАЦИЯ_ТЕХНОЛОГА, КОД_СОТРУДНИКА)
VALUES ('практика', 'ИТехнологКК5УАР');

INSERT INTO CWТЕХНОЛОГ
(СПЕЦИАЛИЗАЦИЯ_ТЕХНОЛОГА, КОД_СОТРУДНИКА)
VALUES ('исследования', 'ИТехнологКК6УАР');

-- Руководители
INSERT INTO CWРУКОВОДИТЕЛЬ
(КОД_СОТРУДНИКА, ОТВЕТСТВЕННОСТЬ, КОД_ОТВЕТСТВ)
VALUES ('ИИнженерАФ1', 'Участок', 'УчастокИИнженерАФ1');

INSERT INTO CWРУКОВОДИТЕЛЬ
(КОД_СОТРУДНИКА, ОТВЕТСТВЕННОСТЬ, КОД_ОТВЕТСТВ)
VALUES ('ИТехникАЦ1', 'Участок', 'УчастокИТехникАЦ1');

INSERT INTO CWРУКОВОДИТЕЛЬ
(КОД_СОТРУДНИКА, ОТВЕТСТВЕННОСТЬ, КОД_ОТВЕТСТВ)
VALUES ('ИТехникФЕ6УАР', 'Цех', 'ЦехИТехникФЕ6УАР');

INSERT INTO CWРУКОВОДИТЕЛЬ
(КОД_СОТРУДНИКА, ОТВЕТСТВЕННОСТЬ, КОД_ОТВЕТСТВ)
VALUES ('ИТехнологАНП1', 'Цех', 'ЦехИТехнологАНП1');

INSERT INTO CWРУКОВОДИТЕЛЬ
(КОД_СОТРУДНИКА, ОТВЕТСТВЕННОСТЬ, КОД_ОТВЕТСТВ)
VALUES ('ИТехнологКК4УАР', 'Мастер', 'МастерИТехнологКК4УАР');

INSERT INTO CWРУКОВОДИТЕЛЬ
(КОД_СОТРУДНИКА, ОТВЕТСТВЕННОСТЬ, КОД_ОТВЕТСТВ)
VALUES ('ИТехнологКК5УАР', 'Мастер', 'МастерИТехнологКК5УАР');

INSERT INTO CWРУКОВОДИТЕЛЬ
(КОД_СОТРУДНИКА, ОТВЕТСТВЕННОСТЬ, КОД_ОТВЕТСТВ)
VALUES ('ИТехнологКК6УАР', 'Мастер', 'МастерИТехнологКК6УАР');

-- Бригада
INSERT INTO CWБРИГАДА
(НОМЕР_БРИГАДЫ, НАЗВАНИЕ_БРИГАДЫ, БРИГАДИР, МАСТЕР)
VALUES (1, 'Спецключ', 'РСборщикЕ678ЕЕ', 'МастерИТехнологКК4УАР');

INSERT INTO CWБРИГАДА
(НОМЕР_БРИГАДЫ, НАЗВАНИЕ_БРИГАДЫ, БРИГАДИР, МАСТЕР)
VALUES (2, 'FerrariTeam', 'РТокарьХУХМ8', 'МастерИТехнологКК5УАР');

INSERT INTO CWБРИГАДА
(НОМЕР_БРИГАДЫ, НАЗВАНИЕ_БРИГАДЫ, БРИГАДИР, МАСТЕР)
VALUES (3, 'Умелые', 'РСлесарьХЯХМ8', 'МастерИТехнологКК6УАР');

-- Рабочие из первой бригады
UPDATE CWРАБОЧИЙ
SET НОМЕР_БРИГАДЫ = 1
WHERE КОД_СОТРУДНИКА = 'РСборщикЕ678ЕЕ';

UPDATE CWРАБОЧИЙ
SET НОМЕР_БРИГАДЫ = 1
WHERE КОД_СОТРУДНИКА = 'РСварщикКЕК09';

-- Рабочие из второй бригады
UPDATE CWРАБОЧИЙ
SET НОМЕР_БРИГАДЫ = 2
WHERE КОД_СОТРУДНИКА = 'РТокарьХУХМ8';

UPDATE CWРАБОЧИЙ
SET НОМЕР_БРИГАДЫ = 2
WHERE КОД_СОТРУДНИКА = 'РСварщикКЕК007';

-- Рабочие из третьей бригады
UPDATE CWРАБОЧИЙ
SET НОМЕР_БРИГАДЫ = 3
WHERE КОД_СОТРУДНИКА = 'РСлесарьХЯХМ8';

UPDATE CWРАБОЧИЙ
SET НОМЕР_БРИГАДЫ = 3
WHERE КОД_СОТРУДНИКА = 'РСварщикЛХ44';

UPDATE CWРАБОЧИЙ
SET НОМЕР_БРИГАДЫ = 3
WHERE КОД_СОТРУДНИКА = 'РСлесарьНР6';

-- Цех
INSERT INTO CWЦЕХ
(НОМЕР_ЦЕХА, НАЧАЛЬНИК_ЦЕХА, НАЗВАНИЕ_ЦЕХА)
VALUES ('П321', 'ЦехИТехникФЕ6УАР', 'Газпромовский');

INSERT INTO CWЦЕХ
(НОМЕР_ЦЕХА, НАЧАЛЬНИК_ЦЕХА, НАЗВАНИЕ_ЦЕХА)
VALUES ('В106', 'ЦехИТехнологАНП1', 'Тестинг');

-- Производственный цех
INSERT INTO CWПРОИЗВОДСТВЕННЫЙ_ЦЕХ
(НОМЕР_ЦЕХА)
VALUES ('П321');

-- Вспомогательный цех
INSERT INTO CWВСПОМОГАТЕЛЬНЫЙ_ЦЕХ
(ТИП_ВСПОМОГАТЕЛЬНОГО_ЦЕХА, НОМЕР_ЦЕХА)
VALUES ('ремонтный', 'В106');

-- Участок
INSERT INTO CWУЧАСТОК
(НОМЕР_ЦЕХА, НОМЕР_УЧАСТКА, НАЧАЛЬНИК_УЧАСТКА, ТИП_УЧАСТКА, НАЗВАНИЕ_УЧАСТКА)
VALUES ('П321', 1, 'УчастокИИнженерАФ1', 'сборка', 'Компоновочный');

INSERT INTO CWУЧАСТОК
(НОМЕР_ЦЕХА, НОМЕР_УЧАСТКА, НАЧАЛЬНИК_УЧАСТКА, ТИП_УЧАСТКА, НАЗВАНИЕ_УЧАСТКА)
VALUES ('П321', 2, 'УчастокИТехникАЦ1', 'изготовка', 'Подвесочный');

-- УчастокБригады
INSERT INTO CWБРИГАДА_УЧАСТОК
(НОМЕР_БРИГАДЫ, НОМЕР_ЦЕХА, НОМЕР_УЧАСТКА)
VALUES (1, 'П321', 1);

INSERT INTO CWБРИГАДА_УЧАСТОК
(НОМЕР_БРИГАДЫ, НОМЕР_ЦЕХА, НОМЕР_УЧАСТКА)
VALUES (1, 'П321', 2);

INSERT INTO CWБРИГАДА_УЧАСТОК
(НОМЕР_БРИГАДЫ, НОМЕР_ЦЕХА, НОМЕР_УЧАСТКА)
VALUES (2, 'П321', 1);

INSERT INTO CWБРИГАДА_УЧАСТОК
(НОМЕР_БРИГАДЫ, НОМЕР_ЦЕХА, НОМЕР_УЧАСТКА)
VALUES (3, 'П321', 2);

-- Категория изделия
INSERT INTO CWКАТЕГОРИЯ_ИЗДЕЛИЯ
(НОМЕР_КАТЕГОРИИ_ИЗДЕЛИЯ, НОМЕР_ЦЕХА, КОД_КАТЕГОРИИ, ТИП_КАТЕГОРИИ)
VALUES (1, 'П321', 'Мотоциклы1', 'Мотоциклы');

INSERT INTO CWКАТЕГОРИЯ_ИЗДЕЛИЯ
(НОМЕР_КАТЕГОРИИ_ИЗДЕЛИЯ, НОМЕР_ЦЕХА, КОД_КАТЕГОРИИ, ТИП_КАТЕГОРИИ)
VALUES (2, 'П321', 'Грузовые2', 'Грузовые');

INSERT INTO CWКАТЕГОРИЯ_ИЗДЕЛИЯ
(НОМЕР_КАТЕГОРИИ_ИЗДЕЛИЯ, НОМЕР_ЦЕХА, КОД_КАТЕГОРИИ, ТИП_КАТЕГОРИИ)
VALUES (3, 'П321', 'Автобусы3', 'Автобусы');

INSERT INTO CWКАТЕГОРИЯ_ИЗДЕЛИЯ
(НОМЕР_КАТЕГОРИИ_ИЗДЕЛИЯ, НОМЕР_ЦЕХА, КОД_КАТЕГОРИИ, ТИП_КАТЕГОРИИ)
VALUES (4, 'П321', 'Автобусы4', 'Автобусы');

-- Конкретные категории
INSERT INTO CWАВТОБУСЫ
(ВМЕСТИМОСТЬ, КОД_КАТЕГОРИИ)
VALUES (100, 'Автобусы3');

INSERT INTO CWАВТОБУСЫ
(ВМЕСТИМОСТЬ, КОД_КАТЕГОРИИ)
VALUES (54, 'Автобусы4');

INSERT INTO CWМОТОЦИКЛЫ
(КОЛВО_ТАКТОВ_МОТОРА, КОД_КАТЕГОРИИ)
VALUES (4, 'Мотоциклы1');

INSERT INTO CWГРУЗОВЫЕ_АВТОМОБИЛИ
(ГРУЗОПОДЪЕМНОСТЬ, КОД_КАТЕГОРИИ)
VALUES (100, 'Грузовые2');

-- Работы
INSERT INTO CWРАБОТЫ
(НОМЕР_КАТЕГОРИИ_ИЗДЕЛИЯ, НОМЕР_ЦЕХА, НОМЕР_УЧАСТКА)
VALUES (1, 'П321', 1);

INSERT INTO CWРАБОТЫ
(НОМЕР_КАТЕГОРИИ_ИЗДЕЛИЯ, НОМЕР_ЦЕХА, НОМЕР_УЧАСТКА)
VALUES (1, 'П321', 2);

INSERT INTO CWРАБОТЫ
(НОМЕР_КАТЕГОРИИ_ИЗДЕЛИЯ, НОМЕР_ЦЕХА, НОМЕР_УЧАСТКА)
VALUES (2, 'П321', 2);

INSERT INTO CWРАБОТЫ
(НОМЕР_КАТЕГОРИИ_ИЗДЕЛИЯ, НОМЕР_ЦЕХА, НОМЕР_УЧАСТКА)
VALUES (3, 'П321', 2);

INSERT INTO CWРАБОТЫ
(НОМЕР_КАТЕГОРИИ_ИЗДЕЛИЯ, НОМЕР_ЦЕХА, НОМЕР_УЧАСТКА)
VALUES (4, 'П321', 1);

-- Вид изделия
INSERT INTO CWВИД_ИЗДЕЛИЯ
(НОМЕР_ВИДА_ИЗДЕЛИЯ, НОМЕР_КАТЕГОРИИ_ИЗДЕЛИЯ, НАЗВАНИЕ_ВИДА_ИЗДЕЛИЯ)
VALUES (1, 1, 'HONDA CBR110XX');

INSERT INTO CWВИД_ИЗДЕЛИЯ
(НОМЕР_ВИДА_ИЗДЕЛИЯ, НОМЕР_КАТЕГОРИИ_ИЗДЕЛИЯ, НАЗВАНИЕ_ВИДА_ИЗДЕЛИЯ)
VALUES (2, 1, 'DUCATI 1098');

INSERT INTO CWВИД_ИЗДЕЛИЯ
(НОМЕР_ВИДА_ИЗДЕЛИЯ, НОМЕР_КАТЕГОРИИ_ИЗДЕЛИЯ, НАЗВАНИЕ_ВИДА_ИЗДЕЛИЯ)
VALUES (3, 3, 'АКБ-12');

INSERT INTO CWВИД_ИЗДЕЛИЯ
(НОМЕР_ВИДА_ИЗДЕЛИЯ, НОМЕР_КАТЕГОРИИ_ИЗДЕЛИЯ, НАЗВАНИЕ_ВИДА_ИЗДЕЛИЯ)
VALUES (4, 4, 'АКБ-10');

INSERT INTO CWВИД_ИЗДЕЛИЯ
(НОМЕР_ВИДА_ИЗДЕЛИЯ, НОМЕР_КАТЕГОРИИ_ИЗДЕЛИЯ, НАЗВАНИЕ_ВИДА_ИЗДЕЛИЯ)
VALUES (5, 2, 'КАМАЗ');

INSERT INTO CWВИД_ИЗДЕЛИЯ
(НОМЕР_ВИДА_ИЗДЕЛИЯ, НОМЕР_КАТЕГОРИИ_ИЗДЕЛИЯ, НАЗВАНИЕ_ВИДА_ИЗДЕЛИЯ)
VALUES (6, 4, 'Пазик');

-- Экземпляр изделия
INSERT INTO CWЭКЗЕМПЛЯР_ИЗДЕЛИЯ
(НОМЕР_ЭКЗЕМПЛЯРА, НОМЕР_ВИДА_ИЗДЕЛИЯ)
VALUES (1, 1);

INSERT INTO CWЭКЗЕМПЛЯР_ИЗДЕЛИЯ
(НОМЕР_ЭКЗЕМПЛЯРА, НОМЕР_ВИДА_ИЗДЕЛИЯ)
VALUES (2, 1);

INSERT INTO CWЭКЗЕМПЛЯР_ИЗДЕЛИЯ
(НОМЕР_ЭКЗЕМПЛЯРА, НОМЕР_ВИДА_ИЗДЕЛИЯ)
VALUES (3, 1);

INSERT INTO CWЭКЗЕМПЛЯР_ИЗДЕЛИЯ
(НОМЕР_ЭКЗЕМПЛЯРА, НОМЕР_ВИДА_ИЗДЕЛИЯ)
VALUES (4, 1);

INSERT INTO CWЭКЗЕМПЛЯР_ИЗДЕЛИЯ
(НОМЕР_ЭКЗЕМПЛЯРА, НОМЕР_ВИДА_ИЗДЕЛИЯ)
VALUES (5, 1);

INSERT INTO CWЭКЗЕМПЛЯР_ИЗДЕЛИЯ
(НОМЕР_ЭКЗЕМПЛЯРА, НОМЕР_ВИДА_ИЗДЕЛИЯ)
VALUES (6, 1);

INSERT INTO CWЭКЗЕМПЛЯР_ИЗДЕЛИЯ
(НОМЕР_ЭКЗЕМПЛЯРА, НОМЕР_ВИДА_ИЗДЕЛИЯ)
VALUES (7, 2);

INSERT INTO CWЭКЗЕМПЛЯР_ИЗДЕЛИЯ
(НОМЕР_ЭКЗЕМПЛЯРА, НОМЕР_ВИДА_ИЗДЕЛИЯ)
VALUES (8, 2);

INSERT INTO CWЭКЗЕМПЛЯР_ИЗДЕЛИЯ
(НОМЕР_ЭКЗЕМПЛЯРА, НОМЕР_ВИДА_ИЗДЕЛИЯ)
VALUES (9, 3);

INSERT INTO CWЭКЗЕМПЛЯР_ИЗДЕЛИЯ
(НОМЕР_ЭКЗЕМПЛЯРА, НОМЕР_ВИДА_ИЗДЕЛИЯ)
VALUES (10, 3);

INSERT INTO CWЭКЗЕМПЛЯР_ИЗДЕЛИЯ
(НОМЕР_ЭКЗЕМПЛЯРА, НОМЕР_ВИДА_ИЗДЕЛИЯ)
VALUES (11, 4);

INSERT INTO CWЭКЗЕМПЛЯР_ИЗДЕЛИЯ
(НОМЕР_ЭКЗЕМПЛЯРА, НОМЕР_ВИДА_ИЗДЕЛИЯ)
VALUES (12, 6);

INSERT INTO CWЭКЗЕМПЛЯР_ИЗДЕЛИЯ
(НОМЕР_ЭКЗЕМПЛЯРА, НОМЕР_ВИДА_ИЗДЕЛИЯ)
VALUES (13, 6);

INSERT INTO CWЭКЗЕМПЛЯР_ИЗДЕЛИЯ
(НОМЕР_ЭКЗЕМПЛЯРА, НОМЕР_ВИДА_ИЗДЕЛИЯ)
VALUES (14, 6);

INSERT INTO CWЭКЗЕМПЛЯР_ИЗДЕЛИЯ
(НОМЕР_ЭКЗЕМПЛЯРА, НОМЕР_ВИДА_ИЗДЕЛИЯ)
VALUES (15, 6);

-- Журнал
INSERT INTO CWЖУРНАЛ
(НАЧАЛО, КОНЕЦ, ПОЗИЦИЯ_В_ЖУРНАЛЕ, ЖИЗНЕННЫЙ_ЦИКЛ, НОМЕР_ЭКЗЕМПЛЯРА)
VALUES (to_date('2017/02/11', 'yyyy/mm/dd'), NULL, 1, 'Сборка', 1);

INSERT INTO CWЖУРНАЛ
(НАЧАЛО, КОНЕЦ, ПОЗИЦИЯ_В_ЖУРНАЛЕ, ЖИЗНЕННЫЙ_ЦИКЛ, НОМЕР_ЭКЗЕМПЛЯРА)
VALUES (to_date('2017/01/14', 'yyyy/mm/dd'), to_date('2017/01/18', 'yyyy/mm/dd'), 2, 'Сборка', 2);

INSERT INTO CWЖУРНАЛ
(НАЧАЛО, КОНЕЦ, ПОЗИЦИЯ_В_ЖУРНАЛЕ, ЖИЗНЕННЫЙ_ЦИКЛ, НОМЕР_ЭКЗЕМПЛЯРА)
VALUES (to_date('2017/02/14', 'yyyy/mm/dd'), to_date('2017/03/18', 'yyyy/mm/dd'), 3, 'Сборка', 3);

INSERT INTO CWЖУРНАЛ
(НАЧАЛО, КОНЕЦ, ПОЗИЦИЯ_В_ЖУРНАЛЕ, ЖИЗНЕННЫЙ_ЦИКЛ, НОМЕР_ЭКЗЕМПЛЯРА)
VALUES (to_date('2017/01/14', 'yyyy/mm/dd'), to_date('2017/01/18', 'yyyy/mm/dd'), 4, 'Сборка', 4);

INSERT INTO CWЖУРНАЛ
(НАЧАЛО, КОНЕЦ, ПОЗИЦИЯ_В_ЖУРНАЛЕ, ЖИЗНЕННЫЙ_ЦИКЛ, НОМЕР_ЭКЗЕМПЛЯРА)
VALUES (to_date('2017/01/14', 'yyyy/mm/dd'), to_date('2017/01/18', 'yyyy/mm/dd'), 5, 'Сборка', 5);

INSERT INTO CWЖУРНАЛ
(НАЧАЛО, КОНЕЦ, ПОЗИЦИЯ_В_ЖУРНАЛЕ, ЖИЗНЕННЫЙ_ЦИКЛ, НОМЕР_ЭКЗЕМПЛЯРА)
VALUES (to_date('2017/01/14', 'yyyy/mm/dd'), to_date('2017/01/18', 'yyyy/mm/dd'), 6, 'Сборка', 6);

INSERT INTO CWЖУРНАЛ
(НАЧАЛО, КОНЕЦ, ПОЗИЦИЯ_В_ЖУРНАЛЕ, ЖИЗНЕННЫЙ_ЦИКЛ, НОМЕР_ЭКЗЕМПЛЯРА)
VALUES (to_date('2017/01/14', 'yyyy/mm/dd'), to_date('2017/01/18', 'yyyy/mm/dd'), 7, 'Сборка', 7);

INSERT INTO CWЖУРНАЛ
(НАЧАЛО, КОНЕЦ, ПОЗИЦИЯ_В_ЖУРНАЛЕ, ЖИЗНЕННЫЙ_ЦИКЛ, НОМЕР_ЭКЗЕМПЛЯРА)
VALUES (to_date('2017/01/14', 'yyyy/mm/dd'), to_date('2017/01/18', 'yyyy/mm/dd'), 8, 'Сборка', 8);

INSERT INTO CWЖУРНАЛ
(НАЧАЛО, КОНЕЦ, ПОЗИЦИЯ_В_ЖУРНАЛЕ, ЖИЗНЕННЫЙ_ЦИКЛ, НОМЕР_ЭКЗЕМПЛЯРА)
VALUES (to_date('2017/01/14', 'yyyy/mm/dd'), to_date('2017/01/18', 'yyyy/mm/dd'), 9, 'Сборка', 9);

INSERT INTO CWЖУРНАЛ
(НАЧАЛО, КОНЕЦ, ПОЗИЦИЯ_В_ЖУРНАЛЕ, ЖИЗНЕННЫЙ_ЦИКЛ, НОМЕР_ЭКЗЕМПЛЯРА)
VALUES (to_date('2017/01/14', 'yyyy/mm/dd'), to_date('2017/01/18', 'yyyy/mm/dd'), 10, 'Сборка', 10);

INSERT INTO CWЖУРНАЛ
(НАЧАЛО, КОНЕЦ, ПОЗИЦИЯ_В_ЖУРНАЛЕ, ЖИЗНЕННЫЙ_ЦИКЛ, НОМЕР_ЭКЗЕМПЛЯРА)
VALUES (to_date('2017/01/14', 'yyyy/mm/dd'), to_date('2017/01/18', 'yyyy/mm/dd'), 11, 'Сборка', 11);

INSERT INTO CWЖУРНАЛ
(НАЧАЛО, КОНЕЦ, ПОЗИЦИЯ_В_ЖУРНАЛЕ, ЖИЗНЕННЫЙ_ЦИКЛ, НОМЕР_ЭКЗЕМПЛЯРА)
VALUES (to_date('2017/07/14', 'yyyy/mm/dd'), to_date('2017/08/18', 'yyyy/mm/dd'), 12, 'Передача дилеру', 11);

INSERT INTO CWЖУРНАЛ
(НАЧАЛО, КОНЕЦ, ПОЗИЦИЯ_В_ЖУРНАЛЕ, ЖИЗНЕННЫЙ_ЦИКЛ, НОМЕР_ЭКЗЕМПЛЯРА)
VALUES (to_date('2017/09/14', 'yyyy/mm/dd'), to_date('2017/09/18', 'yyyy/mm/dd'), 13, 'Передача дилеру', 10);

