-- Будущий ИТП
INSERT INTO CWСОТРУДНИК
(НОМЕР_ДОГОВОРА, ИМЯ_СОТРУДНИКА, ФАМИЛИЯ_СОТРУДНИКА, ОТЧЕСТВО_СОТРУДНИКА, ТИП_СОТРУДНИКА, ДАТА_РОЖДЕНИЯ, КОД_СОТРУДНИКА, ДОЛЖНОСТЬ_СОТРУДНИКА)
VALUES ('АФ1', 'Олег', 'Олегов', 'Олегович', 'И', to_date('1954/08/14', 'yyyy/mm/dd'), 'ИИнженерАФ1', 'Инженер');

INSERT INTO CWСОТРУДНИК
(НОМЕР_ДОГОВОРА, ИМЯ_СОТРУДНИКА, ФАМИЛИЯ_СОТРУДНИКА, ОТЧЕСТВО_СОТРУДНИКА, ТИП_СОТРУДНИКА, ДАТА_РОЖДЕНИЯ, КОД_СОТРУДНИКА, ДОЛЖНОСТЬ_СОТРУДНИКА)
VALUES ('АЦ1', 'Артур', 'Артуров', 'Артурович', 'И', to_date('2014/06/14', 'yyyy/mm/dd'), 'ИТехникАЦ1', 'Техник');

INSERT INTO CWСОТРУДНИК
(НОМЕР_ДОГОВОРА, ИМЯ_СОТРУДНИКА, ФАМИЛИЯ_СОТРУДНИКА, ОТЧЕСТВО_СОТРУДНИКА, ТИП_СОТРУДНИКА, ДАТА_РОЖДЕНИЯ, КОД_СОТРУДНИКА, ДОЛЖНОСТЬ_СОТРУДНИКА)
VALUES ('АНП1', 'Егор', 'Егоров', 'Егорович', 'И', to_date('1998/06/14', 'yyyy/mm/dd'), 'ИТехникАНП1', 'Техник');

INSERT INTO CWСОТРУДНИК
(НОМЕР_ДОГОВОРА, ИМЯ_СОТРУДНИКА, ФАМИЛИЯ_СОТРУДНИКА, ТИП_СОТРУДНИКА, ДАТА_РОЖДЕНИЯ, КОД_СОТРУДНИКА, ДОЛЖНОСТЬ_СОТРУДНИКА)
VALUES ('КК4УАР', 'Джон', 'Джонс', 'И', to_date('1988/06/14', 'yyyy/mm/dd'), 'ИТехникКК4УАР', 'Техник');

INSERT INTO CWСОТРУДНИК
(НОМЕР_ДОГОВОРА, ИМЯ_СОТРУДНИКА, ФАМИЛИЯ_СОТРУДНИКА, ТИП_СОТРУДНИКА, ДАТА_РОЖДЕНИЯ, КОД_СОТРУДНИКА, ДОЛЖНОСТЬ_СОТРУДНИКА)
VALUES ('КК5УАР', 'Боб', 'Браун', 'И', to_date('1972/06/14', 'yyyy/mm/dd'), 'ИТехникКК5УАР', 'Техник');

INSERT INTO CWСОТРУДНИК
(НОМЕР_ДОГОВОРА, ИМЯ_СОТРУДНИКА, ФАМИЛИЯ_СОТРУДНИКА, ТИП_СОТРУДНИКА, ДАТА_РОЖДЕНИЯ, КОД_СОТРУДНИКА, ДОЛЖНОСТЬ_СОТРУДНИКА)
VALUES ('КК6УАР', 'Дональд', 'Трамп', 'И', to_date('1946/06/14', 'yyyy/mm/dd'), 'ИТехникКК6УАР', 'Техник');

INSERT INTO CWСОТРУДНИК
(НОМЕР_ДОГОВОРА, ИМЯ_СОТРУДНИКА, ФАМИЛИЯ_СОТРУДНИКА, ТИП_СОТРУДНИКА, ДАТА_РОЖДЕНИЯ, КОД_СОТРУДНИКА, ДОЛЖНОСТЬ_СОТРУДНИКА)
VALUES ('ФЕ6УАР', 'Карл', 'Карлов', 'И', to_date('1946/06/14', 'yyyy/mm/dd'), 'ИТехникФЕ6УАР', 'Техник');

INSERT INTO CWСОТРУДНИК
(НОМЕР_ДОГОВОРА, ИМЯ_СОТРУДНИКА, ФАМИЛИЯ_СОТРУДНИКА, ТИП_СОТРУДНИКА, ДАТА_РОЖДЕНИЯ, КОД_СОТРУДНИКА, ДОЛЖНОСТЬ_СОТРУДНИКА)
VALUES ('ФЕ8УАР', 'Макс', 'Ферстаппен', 'И', to_date('1966/06/14', 'yyyy/mm/dd'), 'ИТехникФЕ8УАР', 'Техник');

INSERT INTO CWСОТРУДНИК
(НОМЕР_ДОГОВОРА, ИМЯ_СОТРУДНИКА, ФАМИЛИЯ_СОТРУДНИКА, ТИП_СОТРУДНИКА, ДАТА_РОЖДЕНИЯ, КОД_СОТРУДНИКА, ДОЛЖНОСТЬ_СОТРУДНИКА)
VALUES ('ФЕ9УАР', 'Макс', 'Чилтон', 'И', to_date('1976/06/14', 'yyyy/mm/dd'), 'ИТехникФЕ9УАР', 'Техник');

INSERT INTO CWСОТРУДНИК
(НОМЕР_ДОГОВОРА, ИМЯ_СОТРУДНИКА, ФАМИЛИЯ_СОТРУДНИКА, ТИП_СОТРУДНИКА, ДАТА_РОЖДЕНИЯ, КОД_СОТРУДНИКА, ДОЛЖНОСТЬ_СОТРУДНИКА)
VALUES ('ОМГ6', 'Сейлор', 'Мун', 'И', to_date('1954/08/14', 'yyyy/mm/dd'), 'ИИнженерОМГ6', 'Инженер');

-- Будущие рабочие
INSERT INTO CWСОТРУДНИК
(НОМЕР_ДОГОВОРА, ИМЯ_СОТРУДНИКА, ФАМИЛИЯ_СОТРУДНИКА, ТИП_СОТРУДНИКА, ДАТА_РОЖДЕНИЯ, КОД_СОТРУДНИКА, ДОЛЖНОСТЬ_СОТРУДНИКА)
VALUES ('Е678ЕЕ', 'Тимо', 'Глок', 'Р', to_date('1974/08/14', 'yyyy/mm/dd'), 'РСборщикЕ678ЕЕ', 'Сборщик');

INSERT INTO CWСОТРУДНИК
(НОМЕР_ДОГОВОРА, ИМЯ_СОТРУДНИКА, ФАМИЛИЯ_СОТРУДНИКА, ОТЧЕСТВО_СОТРУДНИКА, ТИП_СОТРУДНИКА, ДАТА_РОЖДЕНИЯ, КОД_СОТРУДНИКА, ДОЛЖНОСТЬ_СОТРУДНИКА)
VALUES ('ХУХМ8', 'Юрий', 'Юрьев', 'Юрьевич', 'Р', to_date('1964/06/17', 'yyyy/mm/dd'), 'РТокарьХУХМ8', 'Токарь');

INSERT INTO CWСОТРУДНИК
(НОМЕР_ДОГОВОРА, ИМЯ_СОТРУДНИКА, ФАМИЛИЯ_СОТРУДНИКА, ОТЧЕСТВО_СОТРУДНИКА, ТИП_СОТРУДНИКА, ДАТА_РОЖДЕНИЯ, КОД_СОТРУДНИКА, ДОЛЖНОСТЬ_СОТРУДНИКА)
VALUES ('ХЯХМ8', 'Илья', 'Обломов', 'Ильич', 'Р', to_date('1904/06/17', 'yyyy/mm/dd'), 'РСлесарьХЯХМ8', 'Слесарь');

INSERT INTO CWСОТРУДНИК
(НОМЕР_ДОГОВОРА, ИМЯ_СОТРУДНИКА, ФАМИЛИЯ_СОТРУДНИКА, ОТЧЕСТВО_СОТРУДНИКА, ТИП_СОТРУДНИКА, ДАТА_РОЖДЕНИЯ, КОД_СОТРУДНИКА, ДОЛЖНОСТЬ_СОТРУДНИКА)
VALUES
  ('КЕК09', 'Анна', 'Каренина', 'Аркадьевна', 'Р', to_date('1964/06/17', 'yyyy/mm/dd'), 'РСлесарьКЕК09', 'Слесарь');

INSERT INTO CWСОТРУДНИК
(НОМЕР_ДОГОВОРА, ИМЯ_СОТРУДНИКА, ФАМИЛИЯ_СОТРУДНИКА, ТИП_СОТРУДНИКА, ДАТА_РОЖДЕНИЯ, КОД_СОТРУДНИКА, ДОЛЖНОСТЬ_СОТРУДНИКА)
VALUES ('КЕК007', 'Джеймс', 'Бонд', 'Р', to_date('1964/06/17', 'yyyy/mm/dd'), 'РСлесарьКЕК007', 'Слесарь');

INSERT INTO CWСОТРУДНИК
(НОМЕР_ДОГОВОРА, ИМЯ_СОТРУДНИКА, ФАМИЛИЯ_СОТРУДНИКА, ТИП_СОТРУДНИКА, ДАТА_РОЖДЕНИЯ, КОД_СОТРУДНИКА, ДОЛЖНОСТЬ_СОТРУДНИКА)
VALUES ('ЛХ44', 'Льюис', 'Хэмилтон', 'Р', to_date('1984/06/17', 'yyyy/mm/dd'), 'РСлесарьЛХ44', 'Слесарь');

INSERT INTO CWСОТРУДНИК
(НОМЕР_ДОГОВОРА, ИМЯ_СОТРУДНИКА, ФАМИЛИЯ_СОТРУДНИКА, ТИП_СОТРУДНИКА, ДАТА_РОЖДЕНИЯ, КОД_СОТРУДНИКА, ДОЛЖНОСТЬ_СОТРУДНИКА)
VALUES ('НР6', 'Нико', 'Росберг', 'Р', to_date('1904/06/17', 'yyyy/mm/dd'), 'РСлесарьНР6', 'Слесарь');

-- ИТП
INSERT INTO CWИТП
(КОД_СОТРУДНИКА, ДОЛЖНОСТЬ_ИТП)
VALUES ('ИИнженерАФ1', 'Инженер');

INSERT INTO CWИТП
(КОД_СОТРУДНИКА, ДОЛЖНОСТЬ_ИТП)
VALUES ('ИТехникАЦ1', 'Техник');

INSERT INTO CWИТП
(КОД_СОТРУДНИКА, ДОЛЖНОСТЬ_ИТП)
VALUES ('ИТехникАНП1', 'Техник');

INSERT INTO CWИТП
(КОД_СОТРУДНИКА, ДОЛЖНОСТЬ_ИТП)
VALUES ('ИТехникКК4УАР', 'Техник');

INSERT INTO CWИТП
(КОД_СОТРУДНИКА, ДОЛЖНОСТЬ_ИТП)
VALUES ('ИТехникКК5УАР', 'Техник');

INSERT INTO CWИТП
(КОД_СОТРУДНИКА, ДОЛЖНОСТЬ_ИТП)
VALUES ('ИТехникКК6УАР', 'Техник');

INSERT INTO CWИТП
(КОД_СОТРУДНИКА, ДОЛЖНОСТЬ_ИТП)
VALUES ('ИТехникФЕ6УАР', 'Техник');

INSERT INTO CWИТП
(КОД_СОТРУДНИКА, ДОЛЖНОСТЬ_ИТП)
VALUES ('ИТехникФЕ8УАР', 'Техник');

INSERT INTO CWИТП
(КОД_СОТРУДНИКА, ДОЛЖНОСТЬ_ИТП)
VALUES ('ИТехникФЕ9УАР', 'Техник');

INSERT INTO CWИТП
(КОД_СОТРУДНИКА, ДОЛЖНОСТЬ_ИТП)
VALUES ('ИИнженерОМГ6', 'Инженер');

-- Рабочие, без бригады
INSERT INTO CWРАБОЧИЙ
(НОМЕР_БРИГАДЫ, КОД_СОТРУДНИКА, ДОЛЖНОСТЬ_РАБОЧЕГО)
VALUES (NULL, 'РСборщикЕ678ЕЕ', 'Сборщик');

INSERT INTO CWРАБОЧИЙ
(НОМЕР_БРИГАДЫ, КОД_СОТРУДНИКА, ДОЛЖНОСТЬ_РАБОЧЕГО)
VALUES (NULL, 'РТокарьХУХМ8', 'Токарь');

INSERT INTO CWРАБОЧИЙ
(НОМЕР_БРИГАДЫ, КОД_СОТРУДНИКА, ДОЛЖНОСТЬ_РАБОЧЕГО)
VALUES (NULL, 'РСлесарьХЯХМ8', 'Слесарь');

INSERT INTO CWРАБОЧИЙ
(НОМЕР_БРИГАДЫ, КОД_СОТРУДНИКА, ДОЛЖНОСТЬ_РАБОЧЕГО)
VALUES (NULL, 'РСлесарьКЕК09', 'Слесарь');

INSERT INTO CWРАБОЧИЙ
(НОМЕР_БРИГАДЫ, КОД_СОТРУДНИКА, ДОЛЖНОСТЬ_РАБОЧЕГО)
VALUES (NULL, 'РСлесарьКЕК007', 'Слесарь');

INSERT INTO CWРАБОЧИЙ
(НОМЕР_БРИГАДЫ, КОД_СОТРУДНИКА, ДОЛЖНОСТЬ_РАБОЧЕГО)
VALUES (NULL, 'РСлесарьЛХ44', 'Слесарь');

INSERT INTO CWРАБОЧИЙ
(НОМЕР_БРИГАДЫ, КОД_СОТРУДНИКА, ДОЛЖНОСТЬ_РАБОЧЕГО)
VALUES (NULL, 'РСлесарьНР6', 'Слесарь');

-- Сборщик
INSERT INTO CWСБОРЩИК
(СПЕЦИАЛИЗАЦИЯ_СБОРЩИКА, КОД_СОТРУДНИКА)
VALUES ('подвеска', 'РСборщикЕ678ЕЕ');

-- Токарь
INSERT INTO CWТОКАРЬ
(РАЗРЯД_ТОКАРЯ, КОД_СОТРУДНИКА)
VALUES (6, 'РТокарьХУХМ8');

-- Слесарь
INSERT INTO CWСЛЕСАРЬ
(РАЗРЯД_СЛЕСАРЯ, КОД_СОТРУДНИКА)
VALUES (4, 'РСлесарьХЯХМ8');

INSERT INTO CWСЛЕСАРЬ
(РАЗРЯД_СЛЕСАРЯ, КОД_СОТРУДНИКА)
VALUES (5, 'РСлесарьНР6');

INSERT INTO CWСЛЕСАРЬ
(РАЗРЯД_СЛЕСАРЯ, КОД_СОТРУДНИКА)
VALUES (3, 'РСлесарьКЕК09');

INSERT INTO CWСЛЕСАРЬ
(РАЗРЯД_СЛЕСАРЯ, КОД_СОТРУДНИКА)
VALUES (4, 'РСлесарьКЕК007');

INSERT INTO CWСЛЕСАРЬ
(РАЗРЯД_СЛЕСАРЯ, КОД_СОТРУДНИКА)
VALUES (5, 'РСлесарьЛХ44');

-- Инженеры
INSERT INTO CWИНЖЕНЕР
(СПЕЦИАЛИЗАЦИЯ_ИНЖЕНЕРА, КОД_СОТРУДНИКА)
VALUES ('прототипирование', 'ИИнженерАФ1');

INSERT INTO CWИНЖЕНЕР
(СПЕЦИАЛИЗАЦИЯ_ИНЖЕНЕРА, КОД_СОТРУДНИКА)
VALUES ('проектирование', 'ИИнженерОМГ6');

-- Техники
INSERT INTO CWТЕХНИК
(СПЕЦИАЛИЗАЦИЯ_ТЕХНИКА, КОД_СОТРУДНИКА)
VALUES ('схемы', 'ИТехникАЦ1');

INSERT INTO CWТЕХНИК
(СПЕЦИАЛИЗАЦИЯ_ТЕХНИКА, КОД_СОТРУДНИКА)
VALUES ('чертежи', 'ИТехникФЕ6УАР');

INSERT INTO CWТЕХНИК
(СПЕЦИАЛИЗАЦИЯ_ТЕХНИКА, КОД_СОТРУДНИКА)
VALUES ('чертежи', 'ИТехникФЕ8УАР');

INSERT INTO CWТЕХНИК
(СПЕЦИАЛИЗАЦИЯ_ТЕХНИКА, КОД_СОТРУДНИКА)
VALUES ('чертежи', 'ИТехникФЕ9УАР');

INSERT INTO CWТЕХНИК
(СПЕЦИАЛИЗАЦИЯ_ТЕХНИКА, КОД_СОТРУДНИКА)
VALUES ('чертежи', 'ИТехникАНП1');

INSERT INTO CWТЕХНИК
(СПЕЦИАЛИЗАЦИЯ_ТЕХНИКА, КОД_СОТРУДНИКА)
VALUES ('чертежи', 'ИТехникКК4УАР');

INSERT INTO CWТЕХНИК
(СПЕЦИАЛИЗАЦИЯ_ТЕХНИКА, КОД_СОТРУДНИКА)
VALUES ('схемы', 'ИТехникКК5УАР');

INSERT INTO CWТЕХНИК
(СПЕЦИАЛИЗАЦИЯ_ТЕХНИКА, КОД_СОТРУДНИКА)
VALUES ('схемы', 'ИТехникКК6УАР');

-- Руководители
INSERT INTO CWРУКОВОДИТЕЛЬ
(КОД_СОТРУДНИКА, ОТВЕТСТВЕННОСТЬ, КОД_ОТВЕТСТВ)
VALUES ('ИИнженерАФ1', 'Участок', 'УчастокИИнженерАФ1');

INSERT INTO CWРУКОВОДИТЕЛЬ
(КОД_СОТРУДНИКА, ОТВЕТСТВЕННОСТЬ, КОД_ОТВЕТСТВ)
VALUES ('ИТехникАЦ1', 'Участок', 'УчастокИТехникАЦ1');

INSERT INTO CWРУКОВОДИТЕЛЬ
(КОД_СОТРУДНИКА, ОТВЕТСТВЕННОСТЬ, КОД_ОТВЕТСТВ)
VALUES ('ИТехникФЕ6УАР', 'Цех', 'ЦехИТехникФЕ6УАР');

INSERT INTO CWРУКОВОДИТЕЛЬ
(КОД_СОТРУДНИКА, ОТВЕТСТВЕННОСТЬ, КОД_ОТВЕТСТВ)
VALUES ('ИТехникАНП1', 'Цех', 'ЦехИТехникАНП1');

INSERT INTO CWРУКОВОДИТЕЛЬ
(КОД_СОТРУДНИКА, ОТВЕТСТВЕННОСТЬ, КОД_ОТВЕТСТВ)
VALUES ('ИТехникКК4УАР', 'Мастер', 'МастерИТехникКК4УАР');

INSERT INTO CWРУКОВОДИТЕЛЬ
(КОД_СОТРУДНИКА, ОТВЕТСТВЕННОСТЬ, КОД_ОТВЕТСТВ)
VALUES ('ИТехникКК5УАР', 'Мастер', 'МастерИТехникКК5УАР');

INSERT INTO CWРУКОВОДИТЕЛЬ
(КОД_СОТРУДНИКА, ОТВЕТСТВЕННОСТЬ, КОД_ОТВЕТСТВ)
VALUES ('ИТехникКК6УАР', 'Мастер', 'МастерИТехникКК6УАР');

INSERT INTO CWРУКОВОДИТЕЛЬ
(КОД_СОТРУДНИКА, ОТВЕТСТВЕННОСТЬ, КОД_ОТВЕТСТВ)
VALUES ('ИТехникФЕ8УАР', 'Цех', 'ЦехИТехникФЕ8УАР');

INSERT INTO CWРУКОВОДИТЕЛЬ
(КОД_СОТРУДНИКА, ОТВЕТСТВЕННОСТЬ, КОД_ОТВЕТСТВ)
VALUES ('ИТехникФЕ9УАР', 'Участок', 'УчастокИТехникФЕ9УАР');

INSERT INTO CWРУКОВОДИТЕЛЬ
(КОД_СОТРУДНИКА, ОТВЕТСТВЕННОСТЬ, КОД_ОТВЕТСТВ)
VALUES ('ИИнженерОМГ6', 'Участок', 'УчастокИИнженерОМГ6');

-- Бригада
INSERT INTO CWБРИГАДА
(НОМЕР_БРИГАДЫ, НАЗВАНИЕ_БРИГАДЫ, БРИГАДИР, МАСТЕР)
VALUES (1, 'Спецключ', 'РСборщикЕ678ЕЕ', 'МастерИТехникКК4УАР');

INSERT INTO CWБРИГАДА
(НОМЕР_БРИГАДЫ, НАЗВАНИЕ_БРИГАДЫ, БРИГАДИР, МАСТЕР)
VALUES (2, 'FerrariTeam', 'РТокарьХУХМ8', 'МастерИТехникКК5УАР');

INSERT INTO CWБРИГАДА
(НОМЕР_БРИГАДЫ, НАЗВАНИЕ_БРИГАДЫ, БРИГАДИР, МАСТЕР)
VALUES (3, 'Умелые', 'РСлесарьХЯХМ8', 'МастерИТехникКК4УАР');

-- Рабочие из первой бригады
UPDATE CWРАБОЧИЙ
SET НОМЕР_БРИГАДЫ = 1
WHERE КОД_СОТРУДНИКА = 'РСборщикЕ678ЕЕ';

UPDATE CWРАБОЧИЙ
SET НОМЕР_БРИГАДЫ = 1
WHERE КОД_СОТРУДНИКА = 'РСлесарьКЕК09';

-- Рабочие из второй бригады
UPDATE CWРАБОЧИЙ
SET НОМЕР_БРИГАДЫ = 2
WHERE КОД_СОТРУДНИКА = 'РТокарьХУХМ8';

UPDATE CWРАБОЧИЙ
SET НОМЕР_БРИГАДЫ = 2
WHERE КОД_СОТРУДНИКА = 'РСлесарьКЕК007';

-- Рабочие из третьей бригады
UPDATE CWРАБОЧИЙ
SET НОМЕР_БРИГАДЫ = 3
WHERE КОД_СОТРУДНИКА = 'РСлесарьХЯХМ8';

UPDATE CWРАБОЧИЙ
SET НОМЕР_БРИГАДЫ = 3
WHERE КОД_СОТРУДНИКА = 'РСлесарьЛХ44';

UPDATE CWРАБОЧИЙ
SET НОМЕР_БРИГАДЫ = 3
WHERE КОД_СОТРУДНИКА = 'РСлесарьНР6';

-- Цех
INSERT INTO CWЦЕХ
(НОМЕР_ЦЕХА, НАЧАЛЬНИК_ЦЕХА, НАЗВАНИЕ_ЦЕХА, ТИП_ЦЕХА)
VALUES ('П321', 'ЦехИТехникФЕ6УАР', 'Газпромовский', 'П');

INSERT INTO CWЦЕХ
(НОМЕР_ЦЕХА, НАЧАЛЬНИК_ЦЕХА, НАЗВАНИЕ_ЦЕХА, ТИП_ЦЕХА)
VALUES ('П43Я', 'ЦехИТехникФЕ8УАР', 'Цех им. Фурье', 'П');

INSERT INTO CWЦЕХ
(НОМЕР_ЦЕХА, НАЧАЛЬНИК_ЦЕХА, НАЗВАНИЕ_ЦЕХА, ТИП_ЦЕХА)
VALUES ('В106', 'ЦехИТехникАНП1', 'Тестинг', 'В');

-- Производственный цех
INSERT INTO CWПРОИЗВОДСТВЕННЫЙ_ЦЕХ
(НОМЕР_ЦЕХА, СПОНСОР_ПРОИЗВОДСТВА)
VALUES ('П321', 'Газпром');

INSERT INTO CWПРОИЗВОДСТВЕННЫЙ_ЦЕХ
(НОМЕР_ЦЕХА, СПОНСОР_ПРОИЗВОДСТВА)
VALUES ('П43Я', NULL);

-- Вспомогательный цех
INSERT INTO CWВСПОМОГАТЕЛЬНЫЙ_ЦЕХ
(ТИП_ВСПОМОГАТЕЛЬНОГО_ЦЕХА, НОМЕР_ЦЕХА)
VALUES ('ремонтный', 'В106');

-- Участок
INSERT INTO CWУЧАСТОК
(НОМЕР_ЦЕХА, НОМЕР_УЧАСТКА, НАЧАЛЬНИК_УЧАСТКА, ТИП_УЧАСТКА, НАЗВАНИЕ_УЧАСТКА, КОД_УЧАСТКА)
VALUES ('П321', 1, 'УчастокИИнженерАФ1', 'сборка', 'Компоновочный', 'П321сборка1');

INSERT INTO CWУЧАСТОК
(НОМЕР_ЦЕХА, НОМЕР_УЧАСТКА, НАЧАЛЬНИК_УЧАСТКА, ТИП_УЧАСТКА, НАЗВАНИЕ_УЧАСТКА, КОД_УЧАСТКА)
VALUES ('П43Я', 1, 'УчастокИТехникФЕ9УАР', 'изготовка', 'Кузовной', 'П43Яизготовка1');

INSERT INTO CWУЧАСТОК
(НОМЕР_ЦЕХА, НОМЕР_УЧАСТКА, НАЧАЛЬНИК_УЧАСТКА, ТИП_УЧАСТКА, НАЗВАНИЕ_УЧАСТКА, КОД_УЧАСТКА)
VALUES ('П43Я', 2, 'УчастокИИнженерОМГ6', 'сборка', 'Им. БД', 'П43Ясборка2');

INSERT INTO CWУЧАСТОК
(НОМЕР_ЦЕХА, НОМЕР_УЧАСТКА, НАЧАЛЬНИК_УЧАСТКА, ТИП_УЧАСТКА, НАЗВАНИЕ_УЧАСТКА, КОД_УЧАСТКА)
VALUES ('П321', 2, 'УчастокИТехникАЦ1', 'изготовка', 'Подвесочный', 'П321изготовка2');

-- Сборочный участок
INSERT INTO CWСБОРОЧНЫЙ_УЧАСТОК
(КОД_УЧАСТКА, КОЛВО_СБОР_КОНВ)
VALUES ('П321сборка1', 4);

INSERT INTO CWСБОРОЧНЫЙ_УЧАСТОК
(КОД_УЧАСТКА, КОЛВО_СБОР_КОНВ)
VALUES ('П43Ясборка2', 6);

-- Изготовительный участок
INSERT INTO CWИЗГОТОВИТЕЛЬНЫЙ_УЧАСТОК
(КОД_УЧАСТКА, ЧАСТЬ_ИЗДЕЛИЯ)
VALUES ('П43Яизготовка1', 'кузов');

INSERT INTO CWИЗГОТОВИТЕЛЬНЫЙ_УЧАСТОК
(КОД_УЧАСТКА, ЧАСТЬ_ИЗДЕЛИЯ)
VALUES ('П321изготовка2', 'подвеска');

-- Категория изделия
INSERT INTO CWКАТЕГОРИЯ_ИЗДЕЛИЯ
(ТИП_КАТЕГОРИИ, НОМЕР_ЦЕХА, КАТЕГОРСКИЙ_ЦЕХ)
VALUES ('Мотоциклы', 'П321', 'П321Мотоциклы');

INSERT INTO CWКАТЕГОРИЯ_ИЗДЕЛИЯ
(ТИП_КАТЕГОРИИ, НОМЕР_ЦЕХА, КАТЕГОРСКИЙ_ЦЕХ)
VALUES ('Автобусы', 'П43Я', 'П43ЯАвтобусы');

INSERT INTO CWКАТЕГОРИЯ_ИЗДЕЛИЯ
(ТИП_КАТЕГОРИИ, НОМЕР_ЦЕХА, КАТЕГОРСКИЙ_ЦЕХ)
VALUES ('Грузовые', 'П321', 'П321Грузовые');

-- Вид изделия
INSERT INTO CWВИД_ИЗДЕЛИЯ
(НОМЕР_ВИДА_ИЗДЕЛИЯ, КОД_ВИДА, ТИП_КАТЕГОРИИ, НАЗВАНИЕ_ВИДА_ИЗДЕЛИЯ)
VALUES (1, 'Мотоциклы1', 'Мотоциклы', 'HONDA CBR110XX');

INSERT INTO CWВИД_ИЗДЕЛИЯ
(НОМЕР_ВИДА_ИЗДЕЛИЯ, КОД_ВИДА, ТИП_КАТЕГОРИИ, НАЗВАНИЕ_ВИДА_ИЗДЕЛИЯ)
VALUES (2, 'Мотоциклы2', 'Мотоциклы', 'DUCATI 1098');

INSERT INTO CWВИД_ИЗДЕЛИЯ
(НОМЕР_ВИДА_ИЗДЕЛИЯ, КОД_ВИДА, ТИП_КАТЕГОРИИ, НАЗВАНИЕ_ВИДА_ИЗДЕЛИЯ)
VALUES (3, 'Автобусы3', 'Автобусы', 'АКБ-12');

INSERT INTO CWВИД_ИЗДЕЛИЯ
(НОМЕР_ВИДА_ИЗДЕЛИЯ, КОД_ВИДА, ТИП_КАТЕГОРИИ, НАЗВАНИЕ_ВИДА_ИЗДЕЛИЯ)
VALUES (4, 'Автобусы4', 'Автобусы', 'АКБ-10');

INSERT INTO CWВИД_ИЗДЕЛИЯ
(НОМЕР_ВИДА_ИЗДЕЛИЯ, КОД_ВИДА, ТИП_КАТЕГОРИИ, НАЗВАНИЕ_ВИДА_ИЗДЕЛИЯ)
VALUES (5, 'Грузовые5', 'Грузовые', 'КАМАЗ');

INSERT INTO CWВИД_ИЗДЕЛИЯ
(НОМЕР_ВИДА_ИЗДЕЛИЯ, КОД_ВИДА, ТИП_КАТЕГОРИИ, НАЗВАНИЕ_ВИДА_ИЗДЕЛИЯ)
VALUES (6, 'Автобусы6', 'Автобусы', 'Пазик');

INSERT INTO CWВИД_ИЗДЕЛИЯ
(НОМЕР_ВИДА_ИЗДЕЛИЯ, КОД_ВИДА, ТИП_КАТЕГОРИИ, НАЗВАНИЕ_ВИДА_ИЗДЕЛИЯ)
VALUES (7, 'Автобусы7', 'Автобусы', 'Минивен');

-- Конкретные категории
INSERT INTO CWАВТОБУСЫ
(ВМЕСТИМОСТЬ, КОД_ВИДА)
VALUES (100, 'Автобусы3');

INSERT INTO CWАВТОБУСЫ
(ВМЕСТИМОСТЬ, КОД_ВИДА)
VALUES (54, 'Автобусы4');

INSERT INTO CWАВТОБУСЫ
(ВМЕСТИМОСТЬ, КОД_ВИДА)
VALUES (50, 'Автобусы6');

INSERT INTO CWАВТОБУСЫ
(ВМЕСТИМОСТЬ, КОД_ВИДА)
VALUES (25, 'Автобусы7');

INSERT INTO CWМОТОЦИКЛЫ
(КОЛВО_ТАКТОВ_МОТОРА, КОД_ВИДА)
VALUES (4, 'Мотоциклы1');

INSERT INTO CWМОТОЦИКЛЫ
(КОЛВО_ТАКТОВ_МОТОРА, КОД_ВИДА)
VALUES (2, 'Мотоциклы2');

INSERT INTO CWГРУЗОВЫЕ_АВТОМОБИЛИ
(ГРУЗОПОДЪЕМНОСТЬ, КОД_ВИДА)
VALUES (1090, 'Грузовые5');

-- Работы
INSERT INTO CWИЗГОТОВКА
(КАТЕГОРСКИЙ_ЦЕХ, КОД_УЧАСТКА, НОМЕР_БРИГАДЫ)
VALUES ('П43ЯАвтобусы', 'П43Яизготовка1', 1);

INSERT INTO CWИЗГОТОВКА
(КАТЕГОРСКИЙ_ЦЕХ, КОД_УЧАСТКА, НОМЕР_БРИГАДЫ)
VALUES ('П321Грузовые', 'П321изготовка2', 3);

INSERT INTO CWИЗГОТОВКА
(КАТЕГОРСКИЙ_ЦЕХ, КОД_УЧАСТКА, НОМЕР_БРИГАДЫ)
VALUES ('П321Мотоциклы', 'П321изготовка2', 3);

-- Сборка
INSERT INTO CWCБОРКА
(КАТЕГОРСКИЙ_ЦЕХ, КОД_УЧАСТКА, НОМЕР_БРИГАДЫ)
VALUES ('П321Грузовые', 'П321сборка1', 1);

INSERT INTO CWCБОРКА
(КАТЕГОРСКИЙ_ЦЕХ, КОД_УЧАСТКА, НОМЕР_БРИГАДЫ)
VALUES ('П43ЯАвтобусы', 'П43Ясборка2', 2);

INSERT INTO CWCБОРКА
(КАТЕГОРСКИЙ_ЦЕХ, КОД_УЧАСТКА, НОМЕР_БРИГАДЫ)
VALUES ('П321Мотоциклы', 'П321сборка1', 3);

-- Экземпляр изделия
INSERT INTO CWЭКЗЕМПЛЯР_ИЗДЕЛИЯ
(НОМЕР_ЭКЗЕМПЛЯРА, НОМЕР_ВИДА_ИЗДЕЛИЯ)
VALUES (1, 1);

INSERT INTO CWЭКЗЕМПЛЯР_ИЗДЕЛИЯ
(НОМЕР_ЭКЗЕМПЛЯРА, НОМЕР_ВИДА_ИЗДЕЛИЯ)
VALUES (2, 1);

INSERT INTO CWЭКЗЕМПЛЯР_ИЗДЕЛИЯ
(НОМЕР_ЭКЗЕМПЛЯРА, НОМЕР_ВИДА_ИЗДЕЛИЯ)
VALUES (3, 1);

INSERT INTO CWЭКЗЕМПЛЯР_ИЗДЕЛИЯ
(НОМЕР_ЭКЗЕМПЛЯРА, НОМЕР_ВИДА_ИЗДЕЛИЯ)
VALUES (4, 1);

INSERT INTO CWЭКЗЕМПЛЯР_ИЗДЕЛИЯ
(НОМЕР_ЭКЗЕМПЛЯРА, НОМЕР_ВИДА_ИЗДЕЛИЯ)
VALUES (5, 1);

INSERT INTO CWЭКЗЕМПЛЯР_ИЗДЕЛИЯ
(НОМЕР_ЭКЗЕМПЛЯРА, НОМЕР_ВИДА_ИЗДЕЛИЯ)
VALUES (6, 1);

INSERT INTO CWЭКЗЕМПЛЯР_ИЗДЕЛИЯ
(НОМЕР_ЭКЗЕМПЛЯРА, НОМЕР_ВИДА_ИЗДЕЛИЯ)
VALUES (7, 2);

INSERT INTO CWЭКЗЕМПЛЯР_ИЗДЕЛИЯ
(НОМЕР_ЭКЗЕМПЛЯРА, НОМЕР_ВИДА_ИЗДЕЛИЯ)
VALUES (8, 2);

INSERT INTO CWЭКЗЕМПЛЯР_ИЗДЕЛИЯ
(НОМЕР_ЭКЗЕМПЛЯРА, НОМЕР_ВИДА_ИЗДЕЛИЯ)
VALUES (9, 3);

INSERT INTO CWЭКЗЕМПЛЯР_ИЗДЕЛИЯ
(НОМЕР_ЭКЗЕМПЛЯРА, НОМЕР_ВИДА_ИЗДЕЛИЯ)
VALUES (10, 3);

INSERT INTO CWЭКЗЕМПЛЯР_ИЗДЕЛИЯ
(НОМЕР_ЭКЗЕМПЛЯРА, НОМЕР_ВИДА_ИЗДЕЛИЯ)
VALUES (11, 4);

INSERT INTO CWЭКЗЕМПЛЯР_ИЗДЕЛИЯ
(НОМЕР_ЭКЗЕМПЛЯРА, НОМЕР_ВИДА_ИЗДЕЛИЯ)
VALUES (12, 6);

INSERT INTO CWЭКЗЕМПЛЯР_ИЗДЕЛИЯ
(НОМЕР_ЭКЗЕМПЛЯРА, НОМЕР_ВИДА_ИЗДЕЛИЯ)
VALUES (13, 6);

INSERT INTO CWЭКЗЕМПЛЯР_ИЗДЕЛИЯ
(НОМЕР_ЭКЗЕМПЛЯРА, НОМЕР_ВИДА_ИЗДЕЛИЯ)
VALUES (14, 6);

INSERT INTO CWЭКЗЕМПЛЯР_ИЗДЕЛИЯ
(НОМЕР_ЭКЗЕМПЛЯРА, НОМЕР_ВИДА_ИЗДЕЛИЯ)
VALUES (15, 6);

INSERT INTO CWЭКЗЕМПЛЯР_ИЗДЕЛИЯ
(НОМЕР_ЭКЗЕМПЛЯРА, НОМЕР_ВИДА_ИЗДЕЛИЯ)
VALUES (16, 7);

-- Журнал
INSERT INTO CWЖУРНАЛ
(НАЧАЛО, КОНЕЦ, ЭТАП_ЖИЗНЕННОГО_ЦИКЛА, НОМЕР_ЭКЗЕМПЛЯРА)
VALUES (to_date('2017/02/11', 'yyyy/mm/dd'), NULL, 'Сборка', 1);

INSERT INTO CWЖУРНАЛ
(НАЧАЛО, КОНЕЦ, ЭТАП_ЖИЗНЕННОГО_ЦИКЛА, НОМЕР_ЭКЗЕМПЛЯРА)
VALUES (to_date('2017/01/14', 'yyyy/mm/dd'), to_date('2017/01/18', 'yyyy/mm/dd'), 'Сборка', 2);

INSERT INTO CWЖУРНАЛ
(НАЧАЛО, КОНЕЦ, ЭТАП_ЖИЗНЕННОГО_ЦИКЛА, НОМЕР_ЭКЗЕМПЛЯРА)
VALUES (to_date('2017/02/14', 'yyyy/mm/dd'), to_date('2017/03/18', 'yyyy/mm/dd'), 'Сборка', 3);

INSERT INTO CWЖУРНАЛ
(НАЧАЛО, КОНЕЦ, ЭТАП_ЖИЗНЕННОГО_ЦИКЛА, НОМЕР_ЭКЗЕМПЛЯРА)
VALUES (to_date('2017/01/14', 'yyyy/mm/dd'), to_date('2017/01/18', 'yyyy/mm/dd'), 'Сборка', 4);

INSERT INTO CWЖУРНАЛ
(НАЧАЛО, КОНЕЦ, ЭТАП_ЖИЗНЕННОГО_ЦИКЛА, НОМЕР_ЭКЗЕМПЛЯРА)
VALUES (to_date('2017/01/14', 'yyyy/mm/dd'), to_date('2017/01/18', 'yyyy/mm/dd'), 'Сборка', 5);

INSERT INTO CWЖУРНАЛ
(НАЧАЛО, КОНЕЦ, ЭТАП_ЖИЗНЕННОГО_ЦИКЛА, НОМЕР_ЭКЗЕМПЛЯРА)
VALUES (to_date('2017/01/14', 'yyyy/mm/dd'), to_date('2017/01/18', 'yyyy/mm/dd'), 'Сборка', 6);

INSERT INTO CWЖУРНАЛ
(НАЧАЛО, КОНЕЦ, ЭТАП_ЖИЗНЕННОГО_ЦИКЛА, НОМЕР_ЭКЗЕМПЛЯРА)
VALUES (to_date('2017/01/14', 'yyyy/mm/dd'), to_date('2017/01/18', 'yyyy/mm/dd'), 'Сборка', 7);

INSERT INTO CWЖУРНАЛ
(НАЧАЛО, КОНЕЦ, ЭТАП_ЖИЗНЕННОГО_ЦИКЛА, НОМЕР_ЭКЗЕМПЛЯРА)
VALUES (to_date('2017/01/14', 'yyyy/mm/dd'), to_date('2017/01/18', 'yyyy/mm/dd'), 'Сборка', 8);

INSERT INTO CWЖУРНАЛ
(НАЧАЛО, КОНЕЦ, ЭТАП_ЖИЗНЕННОГО_ЦИКЛА, НОМЕР_ЭКЗЕМПЛЯРА)
VALUES (to_date('2017/01/14', 'yyyy/mm/dd'), to_date('2017/01/18', 'yyyy/mm/dd'), 'Сборка', 9);

INSERT INTO CWЖУРНАЛ
(НАЧАЛО, КОНЕЦ, ЭТАП_ЖИЗНЕННОГО_ЦИКЛА, НОМЕР_ЭКЗЕМПЛЯРА)
VALUES (to_date('2017/01/14', 'yyyy/mm/dd'), to_date('2017/01/18', 'yyyy/mm/dd'), 'Сборка', 10);

INSERT INTO CWЖУРНАЛ
(НАЧАЛО, КОНЕЦ, ЭТАП_ЖИЗНЕННОГО_ЦИКЛА, НОМЕР_ЭКЗЕМПЛЯРА)
VALUES (to_date('2017/01/14', 'yyyy/mm/dd'), to_date('2017/01/18', 'yyyy/mm/dd'), 'Сборка', 11);

INSERT INTO CWЖУРНАЛ
(НАЧАЛО, КОНЕЦ, ЭТАП_ЖИЗНЕННОГО_ЦИКЛА, НОМЕР_ЭКЗЕМПЛЯРА)
VALUES (to_date('2017/07/14', 'yyyy/mm/dd'), to_date('2017/08/18', 'yyyy/mm/dd'), 'Передача дилеру', 11);

INSERT INTO CWЖУРНАЛ
(НАЧАЛО, КОНЕЦ, ЭТАП_ЖИЗНЕННОГО_ЦИКЛА, НОМЕР_ЭКЗЕМПЛЯРА)
VALUES (to_date('2017/09/14', 'yyyy/mm/dd'), to_date('2017/09/18', 'yyyy/mm/dd'), 'Передача дилеру', 10);
